<?xml version="1.0" encoding="UTF-8"?>
<project-private xmlns="http://www.netbeans.org/ns/project-private/1">
    <editor-bookmarks xmlns="http://www.netbeans.org/ns/editor-bookmarks/2" lastBookmarkId="0"/>
    <open-files xmlns="http://www.netbeans.org/ns/projectui-open-files/2">
        <group>
            <file>file:/Users/Warren/NetBeansProjects/StkChx/src/GUI/AddStock.java</file>
            <file>file:/Users/Warren/NetBeansProjects/StkChx/src/GUI/UsersList.java</file>
            <file>file:/Users/Warren/NetBeansProjects/StkChx/src/GUI/EditUser.java</file>
            <file>file:/Users/Warren/NetBeansProjects/StkChx/src/GUI/MainPage.java</file>
            <file>file:/Users/Warren/NetBeansProjects/StkChx/src/GUI/PurchaseOrdersList.java</file>
            <file>file:/Users/Warren/NetBeansProjects/StkChx/src/GUI/AddUser.java</file>
            <file>file:/Users/Warren/NetBeansProjects/StkChx/src/GUI/WarehouseList.java</file>
        </group>
    </open-files>
</project-private>
